model,accuracy,precision,recall,f1_score,cv_f1_mean
Logistic Regression,0.3333333333333333,0.25,0.16666666666666666,0.2,0.37101787101787104
Random Forest,0.4166666666666667,0.3333333333333333,0.16666666666666666,0.2222222222222222,0.13076923076923078
