model,accuracy,precision,recall,f1_score,cv_f1_mean
Logistic Regression,0.7777777777777778,0.7777777777777778,1.0,0.875,0.8465514592933948
Random Forest,0.7222222222222222,0.8,0.8571428571428571,0.8275862068965517,0.8211069324528724
